id;location_id
9;NULL
11;NULL
18;NULL
19;NULL
26;NULL
28;NULL
101;NULL
138;NULL
139;NULL
140;NULL
141;NULL
142;NULL
143;NULL
144;NULL
145;NULL
147;NULL
157;NULL
355;NULL
556;NULL
662;NULL
663;NULL
683;NULL
694;NULL
703;NULL
723;NULL
733;NULL
742;NULL
757;NULL
759;NULL
760;NULL
765;NULL
788;NULL
789;NULL
793;NULL
807;NULL
808;NULL
809;NULL
814;NULL
833;NULL
834;NULL
836;NULL
837;NULL
843;NULL
844;NULL
845;NULL
846;NULL
847;NULL
860;NULL
873;NULL
884;NULL
906;NULL
910;NULL
911;NULL
912;NULL
913;NULL
919;NULL
921;NULL
923;NULL
924;NULL
928;NULL
940;NULL
941;NULL
942;NULL
948;NULL
970;NULL
981;NULL
988;NULL
989;NULL
1001;NULL
1036;NULL
1042;NULL
1046;NULL
1055;NULL
1056;NULL
1065;NULL
1068;NULL
1072;NULL
1085;NULL
1098;NULL
1103;NULL
1107;NULL
1108;NULL
1109;NULL
1110;NULL
1115;NULL
1129;NULL
1137;NULL
1142;NULL
1143;NULL
1170;NULL
1171;NULL
1172;NULL
1177;NULL
1178;NULL
1187;NULL
1192;NULL
1196;NULL
1227;NULL
1239;NULL
1240;NULL
1241;NULL
1246;NULL
1249;NULL
1259;NULL
1260;NULL
1261;NULL
1271;NULL
1272;NULL
1276;NULL
1281;NULL
1282;NULL
1289;NULL
1294;NULL
1310;NULL
1311;NULL
1313;NULL
1336;NULL
1340;NULL
1343;NULL
1354;NULL
1364;NULL
1366;NULL
1367;NULL
1375;NULL
1378;NULL
1383;NULL
1385;NULL
1395;NULL
1403;NULL
1405;NULL
1411;NULL
1423;NULL
1425;NULL
1427;NULL
1431;NULL
1439;NULL
1440;NULL
1444;NULL
1453;NULL
1466;NULL
1470;NULL
1472;NULL
1487;NULL
1499;NULL
1504;NULL
1505;NULL
1526;NULL
1527;NULL
1535;NULL
1541;NULL
1553;NULL
1567;NULL
1579;NULL
1599;NULL
1603;NULL
1605;NULL
1609;NULL
1629;NULL
1635;NULL
1647;NULL
1648;NULL
1649;NULL
1650;NULL
1654;NULL
1659;NULL
1662;NULL
1664;NULL
1668;NULL
1669;NULL
1670;NULL
1671;NULL
1674;NULL
1676;NULL
1677;NULL
1678;NULL
1687;NULL
1688;NULL
1690;NULL
1691;NULL
1696;NULL
1705;NULL
1707;NULL
1716;NULL
1720;NULL
1732;NULL
1734;NULL
1738;NULL
1739;NULL
1741;NULL
1744;NULL
1751;NULL
1753;NULL
1759;NULL
1765;NULL
1766;NULL
1767;NULL
1768;NULL
1769;NULL
1774;NULL
1775;NULL
1776;NULL
1777;NULL
1784;NULL
1786;NULL
1808;NULL
1835;NULL
1836;NULL
1842;NULL
1843;NULL
1854;NULL
1861;NULL
1863;NULL
1864;NULL
1866;NULL
1869;NULL
1870;NULL
1874;NULL
1879;NULL
1880;NULL
1882;NULL
1883;NULL
1884;NULL
1885;NULL
1890;NULL
1911;NULL
1918;NULL
1924;NULL
1926;NULL
1927;NULL
1951;NULL
1955;NULL
1956;NULL
1971;NULL
1972;NULL
1982;NULL
1992;NULL
1996;NULL
1999;NULL
2004;NULL
2005;NULL
2006;NULL
2007;NULL
2009;NULL
2010;NULL
2013;NULL
2019;NULL
2033;NULL
2035;NULL
2040;NULL
2050;NULL
2051;NULL
2060;NULL
2061;NULL
2062;NULL
2070;NULL
2080;NULL
2081;NULL
2082;NULL
2085;NULL
2087;NULL
2094;NULL
2107;NULL
2108;NULL
2109;NULL
2110;NULL
2121;NULL
2122;NULL
2125;NULL
2139;NULL
2140;NULL
2141;NULL
2147;NULL
2153;NULL
2159;NULL
2162;NULL
2165;NULL
2168;NULL
2169;NULL
2170;NULL
2171;NULL
2176;NULL
2178;NULL
2180;NULL
2186;NULL
2191;NULL
2192;NULL
2193;NULL
2194;NULL
2231;NULL
2238;NULL
2239;NULL
2241;NULL
2242;NULL
2243;NULL
2244;NULL
2253;NULL
2254;NULL
2280;NULL
2281;NULL
2282;NULL
2283;NULL
2285;NULL
2286;NULL
2296;NULL
2304;NULL
2314;NULL
2315;NULL
2321;NULL
2326;NULL
2353;NULL
2373;NULL
2384;NULL
2385;NULL
2393;NULL
2411;NULL
2416;NULL
2434;NULL
2435;NULL
2442;NULL
2443;NULL
2444;NULL
2445;NULL
2447;NULL
2457;NULL
2458;NULL
2459;NULL
2460;NULL
2463;NULL
2464;NULL
2465;NULL
2466;NULL
2467;NULL
2468;NULL
2470;NULL
2475;NULL
2496;NULL
2497;NULL
2510;NULL
2513;NULL
2514;NULL
2515;NULL
2516;NULL
2517;NULL
2524;NULL
2525;NULL
2545;NULL
2551;NULL
2552;NULL
2553;NULL
2560;NULL
2561;NULL
2576;NULL
2578;NULL
2581;NULL
2583;NULL
2585;NULL
2586;NULL
2598;NULL
2612;NULL
2613;NULL
2618;NULL
2635;NULL
2644;NULL
2662;NULL
2663;NULL
2666;NULL
2667;NULL
2669;NULL
2670;NULL
2697;NULL
2698;NULL
2700;NULL
2701;NULL
2707;NULL
2708;NULL
2709;NULL
2710;NULL
2714;NULL
2715;NULL
2716;NULL
2717;NULL
2718;NULL
2744;NULL
2745;NULL
2747;NULL
2750;NULL
2754;NULL
2755;NULL
2756;NULL
2782;NULL
2793;NULL
2819;NULL
2820;NULL
2827;NULL
2828;NULL
2829;NULL
2830;NULL
2865;NULL
2870;NULL
2871;NULL
2876;NULL
2878;NULL
2879;NULL
2882;NULL
2890;NULL
2910;NULL
2918;NULL
2922;NULL
2924;NULL
2934;NULL
2935;NULL
2947;NULL
2948;NULL
2954;NULL
2955;NULL
2970;NULL
2973;NULL
2982;NULL
2984;NULL
2999;NULL
3002;NULL
3012;NULL
3013;NULL
3021;NULL
3034;NULL
3043;NULL
3046;NULL
3047;NULL
3052;NULL
3075;NULL
3078;NULL
3082;NULL
3107;NULL
3108;NULL
3115;NULL
3136;NULL
3137;NULL
3138;NULL
3139;NULL
3144;NULL
3145;NULL
3146;NULL
3148;NULL
3151;NULL
3152;NULL
3170;NULL
3183;NULL
3212;NULL
3213;NULL
3214;NULL
3222;NULL
3225;NULL
3240;NULL
3245;NULL
3248;NULL
3250;NULL
3255;NULL
3256;NULL
3265;NULL
3267;NULL
3281;NULL
3285;NULL
3316;NULL
3317;NULL
3318;NULL
3324;NULL
3325;NULL
3326;NULL
3349;NULL
3356;NULL
3357;NULL
3358;NULL
3361;NULL
3384;NULL
3386;NULL
3388;NULL
3390;NULL
3393;NULL
3399;NULL
15;1
45;1
52;1
56;1
77;1
109;1
118;1
240;1
244;1
248;1
285;1
286;1
287;1
290;1
301;1
329;1
350;1
356;1
358;1
364;1
377;1
381;1
423;1
451;1
470;1
488;1
502;1
507;1
519;1
524;1
538;1
583;1
600;1
606;1
608;1
609;1
623;1
632;1
636;1
637;1
649;1
651;1
657;1
665;1
674;1
696;1
704;1
705;1
726;1
729;1
745;1
749;1
753;1
806;1
826;1
870;1
876;1
885;1
905;1
907;1
939;1
995;1
1007;1
1009;1
1070;1
1104;1
1125;1
1160;1
1206;1
1208;1
1253;1
1264;1
1265;1
1266;1
1293;1
1296;1
1305;1
1372;1
1432;1
1450;1
1459;1
1501;1
1552;1
1555;1
1604;1
1608;1
1616;1
1651;1
1656;1
1699;1
1748;1
1749;1
1764;1
1773;1
1812;1
1815;1
1834;1
1840;1
1856;1
1886;1
1895;1
1909;1
1937;1
1969;1
2049;1
2065;1
2073;1
2163;1
2195;1
2203;1
2272;1
2276;1
2397;1
2413;1
2427;1
2440;1
2448;1
2473;1
2531;1
2555;1
2575;1
2623;1
2648;1
2689;1
2730;1
2741;1
2795;1
2826;1
2881;1
2889;1
2920;1
2932;1
3004;1
3017;1
3023;1
3074;1
3103;1
3141;1
3160;1
3216;1
3220;1
3221;1
3296;1
3308;1
3337;1
63;2
114;2
284;2
318;2
389;2
2877;2
3088;2
268;3
283;3
345;3
366;3
378;3
386;3
408;3
418;3
490;3
498;3
541;3
567;3
602;3
604;3
630;3
640;3
661;3
739;3
849;3
1061;3
1533;3
1550;3
1757;3
1832;3
2055;3
2092;3
2093;3
2398;3
2614;3
2685;3
2836;3
2837;3
2921;3
2928;3
2981;3
2991;3
3080;3
64;4
282;4
300;4
281;5
892;5
1180;5
1770;5
2249;5
3128;5
280;6
339;6
546;6
648;6
1785;6
2020;6
2273;6
2711;6
2936;6
3176;6
68;7
72;7
73;7
80;7
279;7
288;7
304;7
689;7
951;7
964;7
996;7
1012;7
1033;7
1071;7
1090;7
1184;7
1292;7
1572;7
1686;7
1723;7
1787;7
1792;7
1867;7
1893;7
1923;7
1966;7
1977;7
2043;7
2084;7
2146;7
2164;7
2187;7
2202;7
2274;7
2313;7
2324;7
2352;7
2406;7
2511;7
2549;7
2599;7
2757;7
2967;7
3033;7
3049;7
3134;7
3208;7
3277;7
3321;7
3369;7
3382;7
3392;7
278;8
388;8
446;8
554;8
822;8
1130;8
1506;8
1714;8
1944;8
2098;8
2134;8
2451;8
2454;8
2675;8
2929;8
3241;8
3279;8
3295;8
277;9
874;9
233;10
250;10
256;10
257;10
267;10
274;10
276;10
308;10
309;10
310;10
311;10
312;10
313;10
319;10
320;10
321;10
322;10
325;10
328;10
330;10
337;10
340;10
341;10
342;10
344;10
352;10
353;10
359;10
360;10
361;10
367;10
369;10
370;10
379;10
383;10
384;10
385;10
391;10
404;10
410;10
421;10
430;10
435;10
452;10
453;10
473;10
478;10
501;10
520;10
521;10
533;10
613;10
614;10
653;10
669;10
695;10
709;10
727;10
730;10
736;10
773;10
783;10
784;10
801;10
802;10
817;10
818;10
824;10
825;10
842;10
854;10
872;10
878;10
889;10
890;10
898;10
901;10
908;10
914;10
929;10
943;10
958;10
959;10
978;10
1008;10
1018;10
1127;10
1218;10
2056;10
2131;10
2132;10
2175;10
2210;10
2721;10
275;11
579;11
580;11
685;11
771;11
858;11
871;11
887;11
1051;11
1242;11
1348;11
1514;11
1584;11
1602;11
1737;11
2018;11
2658;11
2699;11
247;12
273;12
90;13
241;13
272;13
271;14
270;15
269;16
375;16
263;17
266;17
265;18
264;19
262;20
752;20
3396;20
261;21
1675;21
260;22
259;23
610;23
1153;23
1750;23
1987;23
2119;23
2207;23
2259;23
2290;23
2336;23
2358;23
2500;23
2559;23
2563;23
2600;23
2656;23
2752;23
3062;23
3140;23
3187;23
59;24
61;24
84;24
86;24
98;24
127;24
156;24
177;24
183;24
191;24
201;24
214;24
226;24
236;24
245;24
258;24
255;25
249;26
460;26
1149;26
1844;26
182;27
246;27
1285;27
3041;27
243;28
1582;28
242;29
239;30
237;31
238;31
235;32
167;33
213;33
232;33
234;33
380;33
411;33
455;33
537;33
772;33
821;33
861;33
944;33
997;33
1011;33
1128;33
1131;33
1358;33
1546;33
1589;33
1820;33
1896;33
1961;33
3218;33
231;34
221;35
230;35
1047;35
229;36
228;37
227;38
225;39
181;40
224;40
314;40
357;40
545;40
659;40
769;40
1443;40
199;41
223;41
346;41
458;41
1019;41
1238;41
1339;41
1652;41
2015;41
2123;41
2595;41
222;42
2783;42
220;43
494;43
219;44
424;44
503;44
531;44
625;44
626;44
633;44
1479;44
3131;44
218;45
1049;45
217;46
475;46
97;47
185;47
216;47
831;47
215;48
289;48
543;48
668;48
1165;48
212;49
303;49
306;49
618;49
735;49
775;49
823;49
857;49
922;49
1091;49
1252;49
1350;49
1430;49
1482;49
1536;49
1562;49
1694;49
1805;49
1855;49
1859;49
2025;49
2209;49
2271;49
2308;49
2367;49
2419;49
2508;49
2593;49
2704;49
3085;49
3226;49
211;50
209;51
208;52
409;52
205;53
206;53
207;53
483;53
506;53
513;53
523;53
532;53
542;53
552;53
558;53
565;53
577;53
591;53
603;53
672;53
700;53
791;53
1569;53
1;54
67;54
204;54
203;55
202;56
200;57
198;58
3;59
24;59
197;59
758;59
787;59
963;59
1037;59
1215;59
1359;59
1588;59
1692;59
1799;59
1983;59
1986;59
2214;59
2861;59
2884;59
196;60
195;61
966;61
2401;61
194;62
447;62
482;62
518;62
980;62
1309;62
1637;62
2045;62
2226;62
2429;62
193;63
1032;63
192;64
190;65
189;66
515;66
1026;66
1038;66
1234;66
1247;66
1254;66
1407;66
1442;66
188;67
563;67
180;68
187;68
1210;68
54;69
186;69
588;69
621;69
658;69
673;69
722;69
750;69
763;69
766;69
774;69
781;69
790;69
830;69
865;69
882;69
896;69
927;69
946;69
986;69
1003;69
1151;69
1262;69
1295;69
1368;69
1389;69
1483;69
1492;69
1728;69
1892;69
1933;69
1970;69
2173;69
2183;69
2197;69
2220;69
2316;69
2334;69
2450;69
2498;69
2596;69
2645;69
2659;69
2731;69
2806;69
2952;69
2957;69
3016;69
3045;69
3096;69
3112;69
3164;69
3168;69
3233;69
3270;69
3322;69
3355;69
184;70
175;71
179;72
10;73
13;73
123;73
178;73
295;73
373;73
1204;73
1314;73
176;74
174;75
522;75
173;76
1476;76
172;77
932;77
2356;77
2742;77
171;78
170;79
169;80
168;81
166;82
638;82
829;82
973;82
1062;82
1069;82
1410;82
1756;82
1913;82
1919;82
2053;82
2327;82
2425;82
2817;82
165;83
164;84
163;85
1248;85
1795;85
2387;85
47;86
57;86
162;86
471;86
990;86
1064;86
1112;86
1782;86
1819;86
2674;86
161;87
160;88
159;89
158;90
155;91
154;92
401;92
998;92
1251;92
153;93
152;94
22;95
151;95
427;95
527;95
967;95
1101;95
1186;95
1413;95
1452;95
1613;95
1658;95
1685;95
1920;95
1938;95
1939;95
2002;95
2355;95
2564;95
2776;95
3066;95
3067;95
3232;95
150;96
149;97
486;97
764;97
1515;97
148;98
146;99
691;99
785;99
2403;99
3091;99
85;100
137;100
106;101
136;101
135;102
134;103
133;104
132;105
3205;105
131;106
120;107
130;107
1414;107
1428;107
1661;107
1940;107
12;108
129;108
323;108
476;108
864;108
1301;108
2420;108
3247;108
128;109
1693;109
126;110
1074;110
1256;110
93;111
113;111
125;111
124;112
122;113
121;114
119;115
115;116
116;116
117;116
60;117
66;117
112;117
111;118
110;119
315;119
108;120
70;121
71;121
107;121
492;121
2245;121
87;122
105;122
104;123
2246;123
69;124
103;124
684;124
1067;124
1122;124
1258;124
1762;124
3155;124
102;125
2395;125
100;126
89;127
99;127
96;128
81;129
91;129
95;129
94;130
92;131
88;132
83;133
707;133
82;134
79;135
78;136
578;136
1302;136
76;137
1076;137
1084;137
1136;137
1173;137
1190;137
1205;137
1231;137
1274;137
1303;137
1323;137
1435;137
1446;137
1457;137
1484;137
1488;137
1495;137
1516;137
1544;137
1556;137
1557;137
1612;137
75;138
724;138
725;138
762;138
1020;138
1191;138
65;139
74;139
3297;139
62;140
535;140
1028;140
1257;140
2223;140
3370;140
58;141
2;142
23;142
55;142
336;142
536;142
549;142
590;142
635;142
778;142
1778;142
1800;142
53;143
51;144
326;144
529;144
1024;144
1159;144
1528;144
2621;144
2943;144
3061;144
50;145
1755;145
49;146
38;147
48;147
6;148
20;148
25;148
29;148
42;148
46;148
448;148
517;148
761;148
891;148
1188;148
1797;148
2116;148
2256;148
44;149
43;150
41;151
40;152
317;152
331;152
387;152
413;152
1197;152
2722;152
39;153
37;154
1154;154
1606;154
1611;154
1733;154
2900;154
3069;154
36;155
2526;155
2899;155
3219;155
35;156
688;156
1150;156
34;157
33;158
32;159
31;160
30;161
27;162
21;163
17;164
485;164
740;164
792;164
920;164
991;164
1006;164
1027;164
1496;164
1537;164
1645;164
1700;164
1801;164
1823;164
1830;164
1998;164
2044;164
2184;164
2228;164
2317;164
2405;164
2481;164
2520;164
2547;164
3149;164
16;165
14;166
8;167
7;168
5;169
4;170
291;172
292;172
293;172
294;172
296;173
297;174
2703;174
298;175
2602;175
302;176
305;177
655;177
307;178
334;178
1695;178
2867;178
3003;178
316;179
1120;179
324;180
327;181
299;182
376;182
442;182
332;183
434;183
437;183
479;183
335;184
354;184
362;184
397;184
525;185
2414;185
333;186
338;186
461;186
512;186
667;186
2705;186
2706;186
343;187
916;187
1229;187
347;188
2639;188
348;189
2383;189
349;190
390;190
893;190
937;190
962;190
972;190
985;190
351;191
363;192
415;192
794;192
2199;192
365;193
368;194
1126;194
371;195
374;196
489;196
372;197
2318;197
382;198
2279;198
392;199
1029;199
394;201
593;201
1899;201
395;202
1710;202
2311;202
398;203
396;204
399;205
456;205
1124;205
1473;205
3292;205
403;209
414;209
432;209
433;209
526;209
1390;209
1740;209
405;210
496;210
499;210
406;211
954;213
416;214
569;214
2430;214
429;215
570;215
627;215
859;215
949;215
952;215
1157;215
1230;215
1255;215
1392;215
1406;215
1824;215
1825;215
1851;215
2028;215
2751;215
2856;215
2862;215
3010;215
3063;215
3081;215
3309;215
3312;215
3313;215
407;216
419;217
420;218
402;219
2267;219
2683;219
422;220
935;220
1174;220
1683;220
1943;220
2137;220
2268;220
2399;220
2536;220
2652;220
2787;220
2961;220
3100;220
3143;220
3311;220
425;221
426;222
412;223
926;223
2366;223
428;224
431;226
436;227
1353;227
2789;227
438;228
439;229
440;230
568;230
734;230
797;230
805;230
840;230
886;230
915;230
933;230
965;230
992;230
1034;230
1079;230
1119;230
1307;230
1356;230
1357;230
1591;230
1673;230
1698;230
1796;230
1846;230
2000;230
2037;230
2128;230
2129;230
2347;230
2476;230
2484;230
2535;230
2624;230
2791;230
2885;230
3227;230
441;231
1052;231
393;232
816;232
443;233
444;234
445;235
400;236
1058;236
1438;236
449;237
450;238
900;238
1078;238
1132;238
1133;238
1214;238
1592;238
1976;238
2579;238
2729;238
454;239
1335;239
457;240
459;241
601;241
699;241
798;241
1198;241
1371;241
462;243
702;243
463;244
484;244
464;245
1286;245
465;246
466;247
624;247
1113;247
1519;247
2505;247
3050;247
467;248
468;249
647;249
469;250
642;250
1665;250
417;251
641;251
675;251
768;251
895;251
1163;251
1387;251
1788;251
1947;251
2204;251
2332;251
2350;251
2433;251
2679;251
2769;251
3129;251
3271;251
3359;251
472;252
474;253
477;254
480;255
481;255
487;256
500;256
544;256
561;256
576;256
820;256
491;257
904;257
1075;257
1105;257
1138;257
1278;257
1373;257
1610;257
1845;257
1950;257
2157;257
2436;257
2521;257
2868;257
2915;257
3030;257
3362;257
495;259
497;260
1300;260
2432;260
493;261
504;262
505;263
2898;263
508;264
509;265
510;266
511;267
652;267
796;267
1548;267
1561;267
516;269
528;270
514;271
1030;271
1475;271
1481;271
1494;271
1563;271
1681;271
1981;271
2011;271
2320;271
2550;271
2864;271
530;272
534;273
682;273
2866;273
539;274
540;275
1054;275
547;276
548;277
616;277
617;277
738;277
1220;277
553;280
551;281
555;282
629;282
666;282
795;282
811;282
866;282
903;282
950;282
974;282
1000;282
1164;282
1166;282
1167;282
1330;282
1415;282
1486;282
1490;282
1539;282
1564;282
1615;282
1630;282
1657;282
1853;282
1997;282
2036;282
2219;282
2264;282
2284;282
2300;282
2424;282
2446;282
2480;282
2557;282
2641;282
2677;282
2725;282
2887;282
3261;282
3272;282
557;283
559;284
560;285
562;286
564;288
639;288
1448;288
566;289
550;290
571;291
1865;292
2968;292
3025;292
3352;292
3383;292
581;293
731;293
582;294
584;295
1451;295
585;296
909;296
586;297
622;297
692;297
728;297
868;297
1195;297
1540;297
587;298
2357;298
3154;298
592;300
594;301
1155;301
1288;301
1429;301
1894;301
2198;301
2471;301
2574;301
595;302
634;302
596;303
3332;303
597;305
1697;305
1761;305
2236;305
2528;305
2713;305
2753;305
2897;305
3171;305
3293;305
3381;305
599;307
1930;307
2074;307
3056;307
589;308
605;309
2104;309
607;310
2389;310
611;311
979;311
2609;311
2933;311
598;312
612;313
615;314
664;314
1317;314
619;315
620;316
3053;316
628;317
650;317
660;317
631;318
1147;318
1586;318
2449;318
2762;318
643;319
1320;319
1321;319
1365;319
1418;319
1419;319
1420;319
1478;319
1789;319
1849;319
2076;319
644;320
899;320
1642;320
2719;320
3065;320
3130;320
3257;320
645;321
646;322
654;323
656;324
670;325
671;326
3185;326
3230;326
676;328
687;328
1216;329
679;331
755;331
680;332
1580;332
1814;332
3229;332
681;333
686;334
1948;334
2969;334
3203;334
690;335
678;336
697;337
1270;337
1315;337
1932;337
2126;337
698;338
701;339
706;340
708;341
710;342
1116;342
711;343
715;343
717;343
718;343
719;343
720;343
721;343
732;344
737;345
743;346
1468;346
2240;346
744;347
869;347
746;348
747;349
748;350
751;351
754;352
756;353
3395;353
770;354
1412;354
1979;354
2590;354
776;355
777;356
2532;356
779;357
780;357
1717;357
782;358
786;359
767;360
799;361
810;361
1041;361
800;362
855;362
936;362
983;362
1082;362
1273;362
1408;362
803;363
804;364
812;365
1345;365
2983;365
813;366
1871;366
815;367
1232;367
819;368
677;369
1489;369
1510;369
1547;369
1617;369
1618;369
1619;369
1620;369
1621;369
1622;369
1623;369
1624;369
1625;369
1626;369
1627;369
828;371
832;372
850;372
851;372
968;372
1057;372
1319;372
1386;372
1485;372
1576;372
1725;372
1816;372
2054;372
835;373
1209;373
2089;373
2142;373
2270;373
838;374
839;375
2431;375
841;376
875;376
1912;376
1917;376
1991;376
2058;376
2100;376
2105;376
2106;376
2133;376
848;377
1543;377
852;378
867;378
853;379
902;379
930;379
953;379
987;379
1016;379
1048;379
1097;379
1148;379
1297;379
1380;379
1399;379
1447;379
1500;379
1570;379
1634;379
1680;379
1742;379
2063;379
2237;379
2342;379
2417;379
2437;379
2502;379
2556;379
2573;379
2619;379
2680;379
2737;379
2763;379
2838;379
2875;379
2903;379
2917;379
2960;379
2966;379
3076;379
3109;379
3159;379
3191;379
3264;379
3305;379
856;380
862;381
863;382
2771;382
827;383
1928;383
2130;383
877;384
879;385
918;385
880;386
881;387
883;388
888;389
894;392
931;393
1222;393
897;394
982;394
1161;394
2072;394
2736;394
2850;394
2891;394
2892;394
2893;394
2894;394
2895;394
3059;394
917;395
925;396
945;396
1073;396
1517;396
1731;396
1826;396
3379;396
934;397
938;398
1099;398
947;399
1002;399
955;400
1236;400
1338;400
1370;400
1530;400
1847;400
2156;400
2188;400
2359;400
2636;400
2748;400
960;401
1059;401
1471;401
1726;401
961;402
1021;402
1929;402
2012;402
2097;402
2235;402
2339;402
969;403
971;404
2382;404
2501;404
975;405
976;406
1636;406
1689;406
1935;406
2818;406
2821;406
977;407
984;408
1023;408
1044;408
1066;408
1088;408
1092;408
1102;408
1139;408
1152;408
1212;408
1244;408
1290;408
1327;408
1437;408
1461;408
1503;408
2351;408
2418;408
2479;408
2562;408
993;409
994;409
3276;409
999;410
2724;410
3018;410
3177;410
3351;410
1004;411
1508;411
1590;411
1601;411
1875;411
1889;411
2003;411
2289;411
2293;411
2452;411
2577;411
2615;411
2653;411
2851;411
2904;411
2907;411
2962;411
2988;411
3142;411
3238;411
1005;412
1010;413
1304;413
1713;413
1897;413
1953;413
1954;413
2026;413
2090;413
2135;413
2185;413
2874;413
2919;413
1013;414
1014;415
1015;416
1183;416
2052;416
3102;416
1017;417
1022;418
1237;418
1025;419
1060;419
1578;419
1628;419
1643;419
1715;419
1722;419
1810;419
1848;419
2103;419
2158;419
2378;419
2765;419
2931;419
3237;419
3306;419
1031;420
1035;421
1039;422
1040;423
1226;423
2408;423
1043;424
1045;425
1050;426
1053;427
1817;428
1898;428
2047;428
1063;429
1633;429
2250;429
2720;429
1080;430
1217;430
1531;430
3364;430
1081;431
1083;432
1086;433
1087;433
1089;433
1199;433
1093;434
1094;435
1268;435
1096;437
1095;438
1100;438
1106;442
1332;442
2096;442
2322;442
2396;442
2482;442
2740;442
1114;444
1520;444
2504;444
1111;445
1117;446
1118;447
1123;448
1134;450
1135;450
2205;450
1141;452
1144;452
2277;452
1140;453
3038;453
3360;453
1145;454
2542;454
1146;455
1156;458
1077;459
1811;459
2852;459
1162;460
3294;461
1169;462
2200;462
2275;462
2309;462
3254;462
1175;463
1360;463
1176;464
1182;465
1374;466
1185;467
3166;467
1168;468
1189;469
1235;469
1280;469
1308;469
1351;469
1436;469
1477;469
1509;469
1545;469
1559;469
1193;470
1573;470
2349;470
2594;470
2610;470
3263;470
1194;471
1200;472
3048;472
3179;472
3368;472
1201;473
1202;474
1203;476
1355;476
1465;476
2554;476
1158;477
1207;478
1243;478
2412;478
1211;479
1400;479
1462;479
1480;479
2102;479
1213;480
1219;481
1221;482
1121;483
1558;483
1179;484
1223;485
1224;485
1225;485
1672;485
1779;485
2022;485
2668;485
3111;485
3282;485
1228;486
1233;487
1181;488
1245;490
1250;492
1267;495
1363;495
1632;495
1729;495
1783;495
1807;495
1841;495
2071;495
2269;495
2835;495
2939;495
3055;495
3204;495
3407;495
1269;496
1275;497
1284;497
1498;497
1587;497
1600;497
1718;497
1829;497
2031;497
2160;497
2657;497
1277;498
1279;499
1287;501
1291;503
1299;505
1322;505
3372;505
1306;506
2778;506
1312;507
1316;508
1318;509
1283;510
1325;512
1326;513
1329;515
1328;516
1362;516
1331;518
3259;518
1334;520
1337;522
1333;523
1460;523
1341;524
1344;525
1342;526
1464;526
1837;526
2064;526
2453;526
2749;526
3274;526
1346;527
1347;528
1349;529
1352;530
1263;531
1401;531
1324;532
1646;532
1361;533
1887;533
1960;533
1990;533
2077;533
2201;533
1369;534
1376;536
1377;537
1381;538
3057;538
1382;539
2229;539
1379;540
1384;541
1388;542
2225;542
2971;542
3350;542
1393;543
1512;543
1522;543
1394;544
1424;544
1456;544
1860;544
2965;544
2992;544
2993;544
2994;544
2995;544
2996;544
2997;544
2998;544
3000;544
3009;544
3027;544
3110;544
3215;544
1391;545
1422;545
1398;546
1397;547
1396;548
1404;550
1702;550
2841;550
1402;551
1409;552
2388;552
2597;552
2863;552
2978;552
3095;552
1416;553
1417;554
1421;555
1474;555
1426;556
1551;556
2569;556
3126;556
3246;556
1957;557
1433;558
1434;559
1298;561
2633;561
1441;562
1445;563
1449;564
1455;566
1458;567
1463;569
1467;570
2766;570
1469;571
2622;571
2732;571
2860;572
1454;573
1781;573
1902;573
1493;575
1491;577
1497;578
1502;580
1507;581
1925;581
2571;581
2872;581
2888;581
2909;581
2977;581
2989;581
3028;581
3127;581
1511;582
1518;583
1521;584
1513;585
1644;585
2543;585
1524;587
1595;587
1525;588
1682;588
1523;590
1663;590
1529;591
3093;591
1532;592
1534;593
2221;593
3411;593
1538;594
1638;594
1640;594
2634;594
1542;595
2124;595
1549;596
1554;597
1560;598
2266;598
3006;598
1565;599
1566;600
1568;601
2329;601
2404;601
2548;601
2655;601
1575;604
1577;605
1574;606
1571;607
1581;608
1583;609
3158;609
3172;609
1585;610
1593;611
1763;611
1594;612
1724;612
3224;612
1596;613
1598;616
3300;616
1607;617
1614;618
1597;619
1631;620
1639;621
2394;621
3182;621
1641;622
1653;623
2014;623
2687;623
1655;624
1660;625
1667;626
1666;627
1679;628
3251;628
1684;629
1701;630
1703;631
1704;632
1706;633
1872;633
2016;633
1708;634
1903;634
2069;634
2252;634
2354;634
2365;634
2546;634
2784;634
2906;634
3060;634
3125;634
3196;634
3341;634
3389;634
1709;635
1711;635
1712;636
1719;637
3387;637
1721;638
1727;639
1735;640
1916;640
1745;643
2325;643
1743;644
1790;644
1794;644
1828;644
1839;644
1873;644
1901;644
1921;644
1922;644
1949;644
2046;644
2059;644
2115;644
2117;644
2177;644
2216;644
2255;644
1746;645
1791;645
1806;645
1857;645
1877;645
1878;645
1915;645
1984;645
2023;645
2024;645
2079;645
2144;645
2172;645
2206;645
2222;645
2278;645
1747;646
1736;647
1754;648
1758;649
1771;653
1862;653
1760;654
1772;655
1780;656
1730;657
1793;659
1798;660
1802;661
1803;662
1804;663
1813;664
1809;665
1868;665
1888;665
1900;665
1941;665
1993;665
2041;665
2091;665
2127;665
2152;665
2174;665
2211;665
1818;667
2335;667
1821;668
1822;669
1831;670
2643;670
2650;670
2651;670
2660;670
2661;670
2671;670
2672;670
2682;670
3098;670
1833;671
1838;672
2362;672
1934;673
2027;673
1850;676
1827;677
1852;678
1752;679
1858;680
1881;681
1988;681
1891;682
1876;683
2796;683
1904;686
1905;687
1906;688
1908;689
1907;690
1910;692
1945;692
1980;692
2057;692
2095;692
2114;692
2150;692
1968;694
1942;697
1946;698
1914;699
1936;700
1952;701
1958;702
1959;703
1962;703
1963;703
1964;703
1974;703
2001;703
1965;704
1967;705
2739;705
2746;705
2767;705
1973;706
1975;707
1978;708
1989;710
1994;711
1995;712
2048;712
2088;712
2008;713
2042;713
1985;714
2017;716
2021;717
2822;717
3234;717
2029;718
2030;719
2120;719
2154;719
2166;719
3243;719
2032;721
2151;721
2348;721
2519;721
2589;721
2640;721
2990;721
3124;721
3163;721
3314;721
3394;721
2034;722
2038;724
2039;724
2066;725
2067;726
2068;727
2075;728
2263;728
2078;729
2083;730
2101;730
2086;731
2111;733
2112;734
2113;735
2190;735
2390;735
3084;735
2118;736
2136;737
2138;738
2248;738
2474;738
2143;739
2215;739
2295;739
2461;739
2509;739
2770;739
2145;740
2148;741
2149;742
2287;742
2328;742
2415;742
2478;742
2617;742
2684;742
2760;742
2849;742
2908;742
3024;742
3087;742
2155;743
2161;744
2167;745
2179;746
2181;747
2380;747
3195;747
2182;748
2189;749
2208;750
2212;750
2213;751
2217;752
2218;753
2761;753
2833;753
2923;753
3244;753
3268;753
3406;753
2224;754
2227;755
2230;757
2232;758
2234;759
2530;759
2637;759
2654;759
2247;760
2790;760
2251;761
2337;761
2258;764
2261;764
2262;764
2260;767
2265;768
2800;768
2288;770
2305;770
2306;770
2307;770
2409;770
2410;770
2566;770
2693;770
2694;770
2291;771
2692;771
2712;771
2728;771
2987;771
3181;771
3373;771
2292;773
3239;773
2294;774
2297;775
3402;775
2298;776
2299;777
2626;777
2301;778
2370;778
2527;778
2565;778
2603;778
2734;778
3036;778
2302;779
2368;779
2303;780
2369;780
2537;780
2735;780
3200;780
3284;780
2310;781
2456;781
2312;782
2319;783
2323;784
2381;784
2580;784
2733;784
2902;784
3072;784
2330;786
2331;787
2338;789
2340;790
3019;790
3400;790
2341;791
2343;792
2344;793
2345;794
2346;795
2538;795
2764;795
3121;795
2360;796
2361;797
2363;798
2364;799
2601;799
3211;799
2196;800
3338;800
2371;801
2831;801
2372;804
2374;805
2375;806
2376;807
2377;808
2379;809
2386;810
3266;811
2391;813
2392;814
2333;815
2400;816
2099;817
2937;817
3236;817
2402;818
2407;819
2421;820
2794;820
2422;821
2423;822
3011;822
3039;822
3077;822
3090;822
3114;822
3135;822
3217;822
3249;822
3289;822
2426;823
2428;824
2438;825
2439;826
2441;827
2455;829
2233;830
2462;831
1931;832
2469;832
2495;832
2472;833
2477;834
3167;834
2483;835
2539;835
2485;836
2486;837
2487;837
2488;837
2489;837
2490;837
2491;837
2492;837
2494;837
2493;838
2499;839
2611;839
2503;840
3051;840
2506;841
2507;842
2512;843
2518;844
2522;845
2523;846
2529;847
2533;848
2534;849
2541;852
2540;853
2544;854
2558;855
2567;856
2568;857
2570;858
2572;859
2780;859
2958;859
2959;859
2582;860
2584;861
2587;862
2588;863
2591;864
2592;865
2257;867
2604;868
2606;870
3153;870
2607;871
2608;872
2605;873
2616;874
2620;875
2625;876
2627;877
2628;878
2691;878
2758;878
2911;878
2964;878
3005;878
3089;878
2630;879
2781;879
2905;879
2916;879
3202;879
2629;880
2631;881
2632;882
2638;883
2646;884
2647;885
2649;886
2664;887
2665;888
2673;889
2676;890
2678;891
2686;892
2688;893
2690;894
2695;895
3032;895
2696;896
2825;896
2702;897
2723;898
2726;899
3328;899
3334;899
3347;899
3348;899
2727;900
2944;900
2738;901
2774;901
2743;903
2642;904
2912;904
2772;905
2773;905
2775;906
2777;907
2779;908
2785;909
2786;909
2832;909
2834;909
2927;909
2974;909
2975;909
3099;909
3117;909
3118;909
3180;909
3275;909
3302;909
3346;909
3365;909
3366;909
2788;910
2792;911
3408;911
2759;912
2797;913
2798;914
2799;916
2913;916
3054;916
3228;916
3291;916
2801;917
2802;918
2824;918
2803;920
2804;921
2805;921
2807;921
2808;921
2809;921
2810;921
2811;921
2812;921
2813;921
2814;921
2815;921
2816;921
2883;921
2823;923
2681;924
2839;925
2840;926
2842;927
2843;927
2844;927
2845;927
2846;927
2847;927
2848;927
2853;928
3044;928
3335;928
3354;928
2854;929
2855;930
2857;931
2858;931
2859;931
2768;932
2869;933
2880;934
2886;935
2896;936
2901;937
2914;939
2925;940
2985;940
3343;940
2926;941
2930;942
2938;943
2940;944
2941;945
3323;945
2942;946
2945;948
2946;950
2949;951
2950;952
2951;953
2873;955
2956;956
3333;956
2963;957
2972;958
2979;960
2980;961
2986;962
3001;963
2976;964
3007;965
3008;965
3020;965
3015;966
3022;967
3026;968
3029;969
3031;970
3037;972
3040;973
3042;974
3058;975
3064;976
3070;977
3193;977
3283;977
3071;978
3073;979
3079;980
3083;981
3132;981
3133;981
3252;981
3299;981
3304;981
3375;981
3086;982
3092;983
3094;984
3097;985
3101;986
3104;987
3105;988
3113;989
3119;989
3120;989
3116;990
3122;991
3123;992
3397;992
3147;993
3150;994
3156;995
3157;996
3161;997
3162;998
3165;999
3190;999
3197;999
3198;999
3068;1000
3169;1001
3106;1002
3280;1002
2953;1003
3174;1005
3184;1008
3178;1009
3231;1009
3186;1010
3188;1011
3189;1012
3404;1012
3405;1012
3194;1014
3199;1015
3201;1016
3307;1016
3409;1016
3192;1017
3206;1018
3287;1018
3207;1019
3209;1020
3210;1021
3035;1022
3223;1023
3235;1024
3242;1027
3175;1029
3253;1030
3258;1031
3014;1032
3262;1033
3269;1034
3273;1035
3278;1036
3286;1037
3288;1038
3290;1039
3173;1040
3260;1040
3298;1041
3301;1042
3303;1043
3310;1045
3315;1046
3319;1047
3320;1048
3327;1049
3329;1050
3330;1051
3331;1052
3336;1054
3339;1055
3340;1056
3342;1057
3344;1058
3345;1059
3353;1060
3367;1062
3371;1063
3391;1063
3374;1064
3376;1065
3377;1066
3378;1067
3380;1068
3385;1069
3363;1070
3398;1071
3401;1072
3403;1073
3410;1074
